{
    "male": "male",
    "female": "female",
    "week": "week",
    "month": "month",
    "year": "year",
    "cin": "cin",
    "visa": "visa",
    "passport": "passport",
    "residence permit": "residence permit",
    "manual": "manual",
    "automatic": "automatic",
    "gasoline": "gasoline",
    "diesel": "diesel",
    "gasoline hybrid": "gasoline hybrid",
    "diesel hybrid": "diesel hybrid",
    "less than 8 cv": "less than 8 cv",
    "between 8 and 10 cv": "between 8 and 10 cv",
    "between 11 and 14 cv": "between 11 and 14 cv",
    "grather than or equals to 15 cv": "grather than or equals to 15 cv",
    "mileage": "mileage",
    "casablanca": "casablanca",
    "rabat": "rabat",
    "fez": "fez",
    "marrakesh": "marrakesh",
    "agadir": "agadir",
    "tangier": "tangier",
    "meknes": "meknes",
    "oujda": "oujda",
    "kenitra": "kenitra",
    "tetouan": "tetouan",
    "safi": "safi",
    "mohammedia": "mohammedia",
    "khouribga": "khouribga",
    "el jadida": "el jadida",
    "nador": "nador",
    "beni mellal": "beni mellal",
    "khemisset": "khemisset",
    "larache": "larache",
    "ksar el kebir": "ksar el kebir",
    "settat": "settat",
    "sidi kacem": "sidi kacem",
    "temara": "temara",
    "berrechid": "berrechid",
    "oued zem": "oued zem",
    "fquih ben salah": "fquih ben salah",
    "taroudant": "taroudant",
    "ouarzazate": "ouarzazate",
    "dakhla": "dakhla",
    "guelmim": "guelmim",
    "laayoune": "laayoune",
    "scrtaches": "scrtaches",
    "cracks": "cracks",
    "dents": "dents",
    "afghan": "afghan",
    "albanian": "albanian",
    "algerian": "algerian",
    "american": "american",
    "andorran": "andorran",
    "angolan": "angolan",
    "anguillan": "anguillan",
    "citizen of antigua and barbuda": "citizen of antigua and barbuda",
    "argentine": "argentine",
    "armenian": "armenian",
    "australian": "australian",
    "austrian": "austrian",
    "azerbaijani": "azerbaijani",
    "bahamian": "bahamian",
    "bahraini": "bahraini",
    "bangladeshi": "bangladeshi",
    "barbadian": "barbadian",
    "belarusian": "belarusian",
    "belgian": "belgian",
    "belizean": "belizean",
    "beninese": "beninese",
    "bermudian": "bermudian",
    "bhutanese": "bhutanese",
    "bolivian": "bolivian",
    "citizen of bosnia and herzegovina": "citizen of bosnia and herzegovina",
    "botswanan": "botswanan",
    "brazilian": "brazilian",
    "british": "british",
    "british virgin islander": "british virgin islander",
    "bruneian": "bruneian",
    "bulgarian": "bulgarian",
    "burkinan": "burkinan",
    "burmese": "burmese",
    "burundian": "burundian",
    "cambodian": "cambodian",
    "cameroonian": "cameroonian",
    "canadian": "canadian",
    "cape verdean": "cape verdean",
    "cayman islander": "cayman islander",
    "central african": "central african",
    "chadian": "chadian",
    "chilean": "chilean",
    "chinese": "chinese",
    "colombian": "colombian",
    "comoran": "comoran",
    "congolese (congo)": "congolese (congo)",
    "congolese (drc)": "congolese (drc)",
    "cook islander": "cook islander",
    "costa rican": "costa rican",
    "croatian": "croatian",
    "cuban": "cuban",
    "cymraes": "cymraes",
    "cymro": "cymro",
    "cypriot": "cypriot",
    "czech": "czech",
    "danish": "danish",
    "djiboutian": "djiboutian",
    "dominican": "dominican",
    "citizen of the dominican republic": "citizen of the dominican republic",
    "dutch": "dutch",
    "east timorese": "east timorese",
    "ecuadorean": "ecuadorean",
    "egyptian": "egyptian",
    "emirati": "emirati",
    "english": "english",
    "equatorial guinean": "equatorial guinean",
    "eritrean": "eritrean",
    "estonian": "estonian",
    "ethiopian": "ethiopian",
    "faroese": "faroese",
    "fijian": "fijian",
    "filipino": "filipino",
    "finnish": "finnish",
    "french": "french",
    "gabonese": "gabonese",
    "gambian": "gambian",
    "georgian": "georgian",
    "german": "german",
    "ghanaian": "ghanaian",
    "gibraltarian": "gibraltarian",
    "greek": "greek",
    "greenlandic": "greenlandic",
    "grenadian": "grenadian",
    "guamanian": "guamanian",
    "guatemalan": "guatemalan",
    "citizen of guinea-bissau": "citizen of guinea-bissau",
    "guinean": "guinean",
    "guyanese": "guyanese",
    "haitian": "haitian",
    "honduran": "honduran",
    "hong konger": "hong konger",
    "hungarian": "hungarian",
    "icelandic": "icelandic",
    "indian": "indian",
    "indonesian": "indonesian",
    "iranian": "iranian",
    "iraqi": "iraqi",
    "irish": "irish",
    "israeli": "israeli",
    "italian": "italian",
    "ivorian": "ivorian",
    "jamaican": "jamaican",
    "japanese": "japanese",
    "jordanian": "jordanian",
    "kazakh": "kazakh",
    "kenyan": "kenyan",
    "kittitian": "kittitian",
    "citizen of kiribati": "citizen of kiribati",
    "kosovan": "kosovan",
    "kuwaiti": "kuwaiti",
    "kyrgyz": "kyrgyz",
    "lao": "lao",
    "latvian": "latvian",
    "lebanese": "lebanese",
    "liberian": "liberian",
    "libyan": "libyan",
    "liechtenstein citizen": "liechtenstein citizen",
    "lithuanian": "lithuanian",
    "luxembourger": "luxembourger",
    "macanese": "macanese",
    "macedonian": "macedonian",
    "malagasy": "malagasy",
    "malawian": "malawian",
    "malaysian": "malaysian",
    "maldivian": "maldivian",
    "malian": "malian",
    "maltese": "maltese",
    "marshallese": "marshallese",
    "martiniquais": "martiniquais",
    "mauritanian": "mauritanian",
    "mauritian": "mauritian",
    "mexican": "mexican",
    "micronesian": "micronesian",
    "moldovan": "moldovan",
    "monegasque": "monegasque",
    "mongolian": "mongolian",
    "montenegrin": "montenegrin",
    "montserratian": "montserratian",
    "moroccan": "moroccan",
    "mosotho": "mosotho",
    "mozambican": "mozambican",
    "namibian": "namibian",
    "nauruan": "nauruan",
    "nepalese": "nepalese",
    "new zealander": "new zealander",
    "nicaraguan": "nicaraguan",
    "nigerian": "nigerian",
    "nigerien": "nigerien",
    "niuean": "niuean",
    "north korean": "north korean",
    "northern irish": "northern irish",
    "norwegian": "norwegian",
    "omani": "omani",
    "pakistani": "pakistani",
    "palauan": "palauan",
    "palestinian": "palestinian",
    "panamanian": "panamanian",
    "papua new guinean": "papua new guinean",
    "paraguayan": "paraguayan",
    "peruvian": "peruvian",
    "pitcairn islander": "pitcairn islander",
    "polish": "polish",
    "portuguese": "portuguese",
    "prydeinig": "prydeinig",
    "puerto rican": "puerto rican",
    "qatari": "qatari",
    "romanian": "romanian",
    "russian": "russian",
    "rwandan": "rwandan",
    "salvadorean": "salvadorean",
    "sammarinese": "sammarinese",
    "samoan": "samoan",
    "sao tomean": "sao tomean",
    "saudi arabian": "saudi arabian",
    "scottish": "scottish",
    "senegalese": "senegalese",
    "serbian": "serbian",
    "citizen of seychelles": "citizen of seychelles",
    "sierra leonean": "sierra leonean",
    "singaporean": "singaporean",
    "slovak": "slovak",
    "slovenian": "slovenian",
    "solomon islander": "solomon islander",
    "somali": "somali",
    "south african": "south african",
    "south korean": "south korean",
    "south sudanese": "south sudanese",
    "spanish": "spanish",
    "sri lankan": "sri lankan",
    "st helenian": "st helenian",
    "st lucian": "st lucian",
    "stateless": "stateless",
    "sudanese": "sudanese",
    "surinamese": "surinamese",
    "swazi": "swazi",
    "swedish": "swedish",
    "swiss": "swiss",
    "syrian": "syrian",
    "taiwanese": "taiwanese",
    "tajik": "tajik",
    "tanzanian": "tanzanian",
    "thai": "thai",
    "togolese": "togolese",
    "tongan": "tongan",
    "trinidadian": "trinidadian",
    "tristanian": "tristanian",
    "tunisian": "tunisian",
    "turkish": "turkish",
    "turkmen": "turkmen",
    "turks and caicos islander": "turks and caicos islander",
    "tuvaluan": "tuvaluan",
    "ugandan": "ugandan",
    "ukrainian": "ukrainian",
    "uruguayan": "uruguayan",
    "uzbek": "uzbek",
    "vatican citizen": "vatican citizen",
    "citizen of vanuatu": "citizen of vanuatu",
    "venezuelan": "venezuelan",
    "vietnamese": "vietnamese",
    "vincentian": "vincentian",
    "wallisian": "wallisian",
    "welsh": "welsh",
    "yemeni": "yemeni",
    "zambian": "zambian",
    "zimbabwean": "zimbabwean",
    "fluids": "fluids",
    "filters": "filters",
    "belts and hoses": "belts and hoses",
    "tires and brakes": "tires and brakes",
    "battery and electrical": "battery and electrical",
    "additional items": "additional items",
    "other": "other",
    "seat": "seat",
    "renault": "renault",
    "peugeot": "peugeot",
    "dacia": "dacia",
    "citroën": "citroën",
    "opel": "opel",
    "alfa romeo": "alfa romeo",
    "škoda": "škoda",
    "chevrolet": "chevrolet",
    "porsche": "porsche",
    "honda": "honda",
    "subaru": "subaru",
    "mazda": "mazda",
    "mitsubishi": "mitsubishi",
    "lexus": "lexus",
    "toyota": "toyota",
    "bmw": "bmw",
    "volkswagen": "volkswagen",
    "suzuki": "suzuki",
    "mercedes-benz": "mercedes-benz",
    "saab": "saab",
    "audi": "audi",
    "kia": "kia",
    "land rover": "land rover",
    "dodge": "dodge",
    "chrysler": "chrysler",
    "ford": "ford",
    "hummer": "hummer",
    "hyundai": "hyundai",
    "infiniti": "infiniti",
    "jaguar": "jaguar",
    "jeep": "jeep",
    "nissan": "nissan",
    "volvo": "volvo",
    "daewoo": "daewoo",
    "fiat": "fiat",
    "mini": "mini",
    "rover": "rover",
    "smart": "smart",
    "engine oil": "engine oil",
    "transmission fluid": "transmission fluid",
    "brake fluid": "brake fluid",
    "coolant": "coolant",
    "power steering fluid": "power steering fluid",
    "differential fluid": "differential fluid",
    "engine filter": "engine filter",
    "air filter": "air filter",
    "cabin air filter": "cabin air filter",
    "fuel filter": "fuel filter",
    "timing belt": "timing belt",
    "serpentine belt": "serpentine belt",
    "hoses": "hoses",
    "tires": "tires",
    "brake pads and rotors": "brake pads and rotors",
    "wheel alignment": "wheel alignment",
    "battery": "battery",
    "spark plugs": "spark plugs",
    "ignition coils": "ignition coils",
    "wiper blades": "wiper blades",
    "lights": "lights",
    "exhaust system": "exhaust system",
    "suspension components": "suspension components",
    "insurance": "insurance",
    "taxes": "taxes",
    "alhambra": "alhambra",
    "altea": "altea",
    "altea xl": "altea xl",
    "arosa": "arosa",
    "cordoba": "cordoba",
    "cordoba vario": "cordoba vario",
    "exeo": "exeo",
    "ibiza": "ibiza",
    "ibiza st": "ibiza st",
    "exeo st": "exeo st",
    "leon": "leon",
    "leon st": "leon st",
    "inca": "inca",
    "mii": "mii",
    "toledo": "toledo",
    "captur": "captur",
    "clio": "clio",
    "clio grandtour": "clio grandtour",
    "espace": "espace",
    "express": "express",
    "fluence": "fluence",
    "grand espace": "grand espace",
    "grand modus": "grand modus",
    "grand scenic": "grand scenic",
    "kadjar": "kadjar",
    "kangoo": "kangoo",
    "kangoo express": "kangoo express",
    "koleos": "koleos",
    "laguna": "laguna",
    "laguna grandtour": "laguna grandtour",
    "latitude": "latitude",
    "mascott": "mascott",
    "mégane": "mégane",
    "mégane cc": "mégane cc",
    "mégane combi": "mégane combi",
    "mégane grandtour": "mégane grandtour",
    "mégane coupé": "mégane coupé",
    "mégane scénic": "mégane scénic",
    "scénic": "scénic",
    "talisman": "talisman",
    "talisman grandtour": "talisman grandtour",
    "thalia": "thalia",
    "twingo": "twingo",
    "wind": "wind",
    "zoé": "zoé",
    "bipper": "bipper",
    "rcz": "rcz",
    "dokker": "dokker",
    "duster": "duster",
    "lodgy": "lodgy",
    "logan": "logan",
    "logan mcv": "logan mcv",
    "logan van": "logan van",
    "sandero": "sandero",
    "solenza": "solenza",
    "berlingo": "berlingo",
    "c-crosser": "c-crosser",
    "c-elissée": "c-elissée",
    "c-zero": "c-zero",
    "c1": "c1",
    "c2": "c2",
    "c3": "c3",
    "c3 picasso": "c3 picasso",
    "c4": "c4",
    "c4 aircross": "c4 aircross",
    "c4 cactus": "c4 cactus",
    "c4 coupé": "c4 coupé",
    "c4 grand picasso": "c4 grand picasso",
    "c4 sedan": "c4 sedan",
    "c5": "c5",
    "c5 break": "c5 break",
    "c5 tourer": "c5 tourer",
    "c6": "c6",
    "c8": "c8",
    "ds3": "ds3",
    "ds4": "ds4",
    "ds5": "ds5",
    "evasion": "evasion",
    "jumper": "jumper",
    "jumpy": "jumpy",
    "saxo": "saxo",
    "nemo": "nemo",
    "xantia": "xantia",
    "xsara": "xsara",
    "agila": "agila",
    "ampera": "ampera",
    "antara": "antara",
    "astra": "astra",
    "astra cabrio": "astra cabrio",
    "astra caravan": "astra caravan",
    "astra coupé": "astra coupé",
    "calibra": "calibra",
    "campo": "campo",
    "cascada": "cascada",
    "corsa": "corsa",
    "frontera": "frontera",
    "insignia": "insignia",
    "insignia kombi": "insignia kombi",
    "kadett": "kadett",
    "meriva": "meriva",
    "mokka": "mokka",
    "movano": "movano",
    "omega": "omega",
    "signum": "signum",
    "vectra": "vectra",
    "vectra caravan": "vectra caravan",
    "vivaro": "vivaro",
    "vivaro kombi": "vivaro kombi",
    "zafira": "zafira",
    "brera": "brera",
    "gtv": "gtv",
    "mito": "mito",
    "crosswagon": "crosswagon",
    "spider": "spider",
    "gt": "gt",
    "giulietta": "giulietta",
    "giulia": "giulia",
    "favorit": "favorit",
    "felicia": "felicia",
    "citigo": "citigo",
    "fabia": "fabia",
    "fabia combi": "fabia combi",
    "fabia sedan": "fabia sedan",
    "felicia combi": "felicia combi",
    "octavia": "octavia",
    "octavia combi": "octavia combi",
    "roomster": "roomster",
    "yeti": "yeti",
    "rapid": "rapid",
    "rapid spaceback": "rapid spaceback",
    "superb": "superb",
    "superb combi": "superb combi",
    "alero": "alero",
    "aveo": "aveo",
    "camaro": "camaro",
    "captiva": "captiva",
    "corvette": "corvette",
    "cruze": "cruze",
    "cruze sw": "cruze sw",
    "epica": "epica",
    "equinox": "equinox",
    "evanda": "evanda",
    "hhr": "hhr",
    "kalos": "kalos",
    "lacetti": "lacetti",
    "lacetti sw": "lacetti sw",
    "lumina": "lumina",
    "malibu": "malibu",
    "matiz": "matiz",
    "monte carlo": "monte carlo",
    "nubira": "nubira",
    "orlando": "orlando",
    "spark": "spark",
    "suburban": "suburban",
    "tacuma": "tacuma",
    "tahoe": "tahoe",
    "trax": "trax",
    "boxster": "boxster",
    "cayenne": "cayenne",
    "cayman": "cayman",
    "macan": "macan",
    "panamera": "panamera",
    "accord": "accord",
    "accord coupé": "accord coupé",
    "accord tourer": "accord tourer",
    "city": "city",
    "civic": "civic",
    "civic aerodeck": "civic aerodeck",
    "civic coupé": "civic coupé",
    "civic tourer": "civic tourer",
    "civic type r": "civic type r",
    "cr-v": "cr-v",
    "cr-x": "cr-x",
    "cr-z": "cr-z",
    "fr-v": "fr-v",
    "hr-v": "hr-v",
    "insight": "insight",
    "integra": "integra",
    "jazz": "jazz",
    "legend": "legend",
    "prelude": "prelude",
    "brz": "brz",
    "forester": "forester",
    "impreza": "impreza",
    "impreza wagon": "impreza wagon",
    "justy": "justy",
    "legacy": "legacy",
    "legacy wagon": "legacy wagon",
    "legacy outback": "legacy outback",
    "levorg": "levorg",
    "outback": "outback",
    "svx": "svx",
    "tribeca": "tribeca",
    "tribeca b9": "tribeca b9",
    "xv": "xv",
    "b-fighter": "b-fighter",
    "b2500": "b2500",
    "bt": "bt",
    "cx-3": "cx-3",
    "cx-5": "cx-5",
    "cx-7": "cx-7",
    "cx-9": "cx-9",
    "demio": "demio",
    "mpv": "mpv",
    "mx-3": "mx-3",
    "mx-5": "mx-5",
    "mx-6": "mx-6",
    "premacy": "premacy",
    "rx-7": "rx-7",
    "rx-8": "rx-8",
    "xedox 6": "xedox 6",
    "asx": "asx",
    "carisma": "carisma",
    "colt": "colt",
    "colt cc": "colt cc",
    "eclipse": "eclipse",
    "fuso canter": "fuso canter",
    "galant": "galant",
    "galant combi": "galant combi",
    "grandis": "grandis",
    "l200": "l200",
    "l200 pick up": "l200 pick up",
    "l200 pick up allrad": "l200 pick up allrad",
    "l300": "l300",
    "lancer": "lancer",
    "lancer combi": "lancer combi",
    "lancer evo": "lancer evo",
    "lancer sportback": "lancer sportback",
    "outlander": "outlander",
    "pajero": "pajero",
    "pajeto pinin": "pajeto pinin",
    "pajero pinin wagon": "pajero pinin wagon",
    "pajero sport": "pajero sport",
    "pajero wagon": "pajero wagon",
    "space star": "space star",
    "ct": "ct",
    "gs": "gs",
    "gs 300": "gs 300",
    "gx": "gx",
    "is": "is",
    "is 200": "is 200",
    "is 250 c": "is 250 c",
    "is-f": "is-f",
    "ls": "ls",
    "lx": "lx",
    "nx": "nx",
    "rc f": "rc f",
    "rx": "rx",
    "rx 300": "rx 300",
    "rx 400h": "rx 400h",
    "rx 450h": "rx 450h",
    "sc 430": "sc 430",
    "auris": "auris",
    "avensis": "avensis",
    "avensis combi": "avensis combi",
    "avensis van verso": "avensis van verso",
    "aygo": "aygo",
    "camry": "camry",
    "carina": "carina",
    "celica": "celica",
    "corolla": "corolla",
    "corolla combi": "corolla combi",
    "corolla sedan": "corolla sedan",
    "corolla verso": "corolla verso",
    "fj cruiser": "fj cruiser",
    "gt86": "gt86",
    "hiace": "hiace",
    "hiace van": "hiace van",
    "highlander": "highlander",
    "hilux": "hilux",
    "land cruiser": "land cruiser",
    "mr2": "mr2",
    "paseo": "paseo",
    "picnic": "picnic",
    "prius": "prius",
    "rav4": "rav4",
    "sequoia": "sequoia",
    "starlet": "starlet",
    "supra": "supra",
    "tundra": "tundra",
    "urban cruiser": "urban cruiser",
    "verso": "verso",
    "yaris": "yaris",
    "yaris verso": "yaris verso",
    "i3": "i3",
    "i8": "i8",
    "m3": "m3",
    "m4": "m4",
    "m5": "m5",
    "m6": "m6",
    "rad 1": "rad 1",
    "rad 1 cabrio": "rad 1 cabrio",
    "rad 1 coupé": "rad 1 coupé",
    "rad 2": "rad 2",
    "rad 2 active tourer": "rad 2 active tourer",
    "rad 2 coupé": "rad 2 coupé",
    "rad 2 gran tourer": "rad 2 gran tourer",
    "rad 3": "rad 3",
    "rad 3 cabrio": "rad 3 cabrio",
    "rad 3 compact": "rad 3 compact",
    "rad 3 coupé": "rad 3 coupé",
    "rad 3 gt": "rad 3 gt",
    "rad 3 touring": "rad 3 touring",
    "rad 4": "rad 4",
    "rad 4 cabrio": "rad 4 cabrio",
    "rad 4 gran coupé": "rad 4 gran coupé",
    "rad 5": "rad 5",
    "rad 5 gt": "rad 5 gt",
    "rad 5 touring": "rad 5 touring",
    "rad 6": "rad 6",
    "rad 6 cabrio": "rad 6 cabrio",
    "rad 6 coupé": "rad 6 coupé",
    "rad 6 gran coupé": "rad 6 gran coupé",
    "rad 7": "rad 7",
    "rad 8 coupé": "rad 8 coupé",
    "x1": "x1",
    "x3": "x3",
    "x4": "x4",
    "x5": "x5",
    "x6": "x6",
    "z3": "z3",
    "z3 coupé": "z3 coupé",
    "z3 roadster": "z3 roadster",
    "z4": "z4",
    "z4 roadster": "z4 roadster",
    "amarok": "amarok",
    "beetle": "beetle",
    "bora": "bora",
    "bora variant": "bora variant",
    "caddy": "caddy",
    "caddy van": "caddy van",
    "life": "life",
    "california": "california",
    "caravelle": "caravelle",
    "cc": "cc",
    "crafter": "crafter",
    "crafter van": "crafter van",
    "crafter kombi": "crafter kombi",
    "crosstouran": "crosstouran",
    "eos": "eos",
    "fox": "fox",
    "golf": "golf",
    "golf cabrio": "golf cabrio",
    "golf plus": "golf plus",
    "golf sportvan": "golf sportvan",
    "golf variant": "golf variant",
    "jetta": "jetta",
    "lt": "lt",
    "lupo": "lupo",
    "multivan": "multivan",
    "new beetle": "new beetle",
    "new beetle cabrio": "new beetle cabrio",
    "passat": "passat",
    "passat alltrack": "passat alltrack",
    "passat cc": "passat cc",
    "passat variant": "passat variant",
    "passat variant van": "passat variant van",
    "phaeton": "phaeton",
    "polo": "polo",
    "polo van": "polo van",
    "polo variant": "polo variant",
    "scirocco": "scirocco",
    "sharan": "sharan",
    "t4": "t4",
    "t4 caravelle": "t4 caravelle",
    "t4 multivan": "t4 multivan",
    "t5": "t5",
    "t5 caravelle": "t5 caravelle",
    "t5 multivan": "t5 multivan",
    "t5 transporter shuttle": "t5 transporter shuttle",
    "tiguan": "tiguan",
    "touareg": "touareg",
    "touran": "touran",
    "alto": "alto",
    "baleno": "baleno",
    "baleno kombi": "baleno kombi",
    "grand vitara": "grand vitara",
    "grand vitara xl-7": "grand vitara xl-7",
    "ignis": "ignis",
    "jimny": "jimny",
    "kizashi": "kizashi",
    "liana": "liana",
    "samurai": "samurai",
    "splash": "splash",
    "swift": "swift",
    "sx4": "sx4",
    "sx4 sedan": "sx4 sedan",
    "vitara": "vitara",
    "wagon r+": "wagon r+",
    "trieda a": "trieda a",
    "a": "a",
    "a l": "a l",
    "amg gt": "amg gt",
    "trieda b": "trieda b",
    "trieda c": "trieda c",
    "c": "c",
    "c sportcoupé": "c sportcoupé",
    "c t": "c t",
    "citan": "citan",
    "cl": "cl",
    "cla": "cla",
    "clc": "clc",
    "clk cabrio": "clk cabrio",
    "clk coupé": "clk coupé",
    "cls": "cls",
    "trieda e": "trieda e",
    "e": "e",
    "e cabrio": "e cabrio",
    "e coupé": "e coupé",
    "e t": "e t",
    "trieda g": "trieda g",
    "g cabrio": "g cabrio",
    "gl": "gl",
    "gla": "gla",
    "glc": "glc",
    "gle": "gle",
    "glk": "glk",
    "trieda m": "trieda m",
    "mb 100": "mb 100",
    "trieda r": "trieda r",
    "trieda s": "trieda s",
    "s": "s",
    "s coupé": "s coupé",
    "sl": "sl",
    "slc": "slc",
    "slk": "slk",
    "slr": "slr",
    "sprinter": "sprinter",
    "a1": "a1",
    "a2": "a2",
    "a3": "a3",
    "a3 cabriolet": "a3 cabriolet",
    "a3 limuzina": "a3 limuzina",
    "a3 sportback": "a3 sportback",
    "a4": "a4",
    "a4 allroad": "a4 allroad",
    "a4 avant": "a4 avant",
    "a4 cabriolet": "a4 cabriolet",
    "a5": "a5",
    "a5 cabriolet": "a5 cabriolet",
    "a5 sportback": "a5 sportback",
    "a6": "a6",
    "a6 allroad": "a6 allroad",
    "a6 avant": "a6 avant",
    "a7": "a7",
    "a8": "a8",
    "a8 long": "a8 long",
    "q3": "q3",
    "q5": "q5",
    "q7": "q7",
    "r8": "r8",
    "rs4 cabriolet": "rs4 cabriolet",
    "rs4/rs4 avant": "rs4/rs4 avant",
    "rs5": "rs5",
    "rs6 avant": "rs6 avant",
    "rs7": "rs7",
    "s3/s3 sportback": "s3/s3 sportback",
    "s4 cabriolet": "s4 cabriolet",
    "s4/s4 avant": "s4/s4 avant",
    "s5/s5 cabriolet": "s5/s5 cabriolet",
    "s6/rs6": "s6/rs6",
    "s7": "s7",
    "s8": "s8",
    "sq5": "sq5",
    "tt coupé": "tt coupé",
    "tt roadster": "tt roadster",
    "tts": "tts",
    "avella": "avella",
    "besta": "besta",
    "carens": "carens",
    "carnival": "carnival",
    "cee`d": "cee`d",
    "cee`d sw": "cee`d sw",
    "cerato": "cerato",
    "k 2500": "k 2500",
    "magentis": "magentis",
    "opirus": "opirus",
    "optima": "optima",
    "picanto": "picanto",
    "pregio": "pregio",
    "pride": "pride",
    "pro cee`d": "pro cee`d",
    "rio": "rio",
    "rio combi": "rio combi",
    "rio sedan": "rio sedan",
    "sephia": "sephia",
    "shuma": "shuma",
    "sorento": "sorento",
    "soul": "soul",
    "sportage": "sportage",
    "venga": "venga",
    "defender": "defender",
    "discovery": "discovery",
    "discovery sport": "discovery sport",
    "freelander": "freelander",
    "range rover": "range rover",
    "range rover evoque": "range rover evoque",
    "range rover sport": "range rover sport",
    "avenger": "avenger",
    "caliber": "caliber",
    "challenger": "challenger",
    "charger": "charger",
    "grand caravan": "grand caravan",
    "journey": "journey",
    "magnum": "magnum",
    "nitro": "nitro",
    "ram": "ram",
    "stealth": "stealth",
    "viper": "viper",
    "crossfire": "crossfire",
    "grand voyager": "grand voyager",
    "lhs": "lhs",
    "neon": "neon",
    "pacifica": "pacifica",
    "plymouth": "plymouth",
    "pt cruiser": "pt cruiser",
    "sebring": "sebring",
    "sebring convertible": "sebring convertible",
    "stratus": "stratus",
    "stratus cabrio": "stratus cabrio",
    "town & country": "town & country",
    "voyager": "voyager",
    "aerostar": "aerostar",
    "b-max": "b-max",
    "c-max": "c-max",
    "cortina": "cortina",
    "cougar": "cougar",
    "edge": "edge",
    "escort": "escort",
    "escort cabrio": "escort cabrio",
    "escort kombi": "escort kombi",
    "explorer": "explorer",
    "f-150": "f-150",
    "f-250": "f-250",
    "fiesta": "fiesta",
    "focus": "focus",
    "focus c-max": "focus c-max",
    "focus cc": "focus cc",
    "focus kombi": "focus kombi",
    "fusion": "fusion",
    "galaxy": "galaxy",
    "grand c-max": "grand c-max",
    "ka": "ka",
    "kuga": "kuga",
    "maverick": "maverick",
    "mondeo": "mondeo",
    "mondeo combi": "mondeo combi",
    "mustang": "mustang",
    "orion": "orion",
    "puma": "puma",
    "ranger": "ranger",
    "s-max": "s-max",
    "sierra": "sierra",
    "street ka": "street ka",
    "tourneo connect": "tourneo connect",
    "tourneo custom": "tourneo custom",
    "transit": "transit",
    "transit bus": "transit bus",
    "transit connect lwb": "transit connect lwb",
    "transit courier": "transit courier",
    "transit custom": "transit custom",
    "transit kombi": "transit kombi",
    "transit tourneo": "transit tourneo",
    "transit valnik": "transit valnik",
    "transit van": "transit van",
    "transit van 350": "transit van 350",
    "windstar": "windstar",
    "h2": "h2",
    "h3": "h3",
    "accent": "accent",
    "atos": "atos",
    "atos prime": "atos prime",
    "coupé": "coupé",
    "elantra": "elantra",
    "galloper": "galloper",
    "genesis": "genesis",
    "getz": "getz",
    "grandeur": "grandeur",
    "h 350": "h 350",
    "h1": "h1",
    "h1 bus": "h1 bus",
    "h1 van": "h1 van",
    "h200": "h200",
    "i10": "i10",
    "i20": "i20",
    "i30": "i30",
    "i30 cw": "i30 cw",
    "i40": "i40",
    "i40 cw": "i40 cw",
    "ix20": "ix20",
    "ix35": "ix35",
    "ix55": "ix55",
    "lantra": "lantra",
    "matrix": "matrix",
    "santa fe": "santa fe",
    "sonata": "sonata",
    "terracan": "terracan",
    "trajet": "trajet",
    "tucson": "tucson",
    "veloster": "veloster",
    "ex": "ex",
    "fx": "fx",
    "g": "g",
    "g coupé": "g coupé",
    "m": "m",
    "q": "q",
    "qx": "qx",
    "daimler": "daimler",
    "f-pace": "f-pace",
    "f-type": "f-type",
    "s-type": "s-type",
    "sovereign": "sovereign",
    "x-type": "x-type",
    "x-type estate": "x-type estate",
    "xe": "xe",
    "xf": "xf",
    "xj": "xj",
    "xj12": "xj12",
    "xj6": "xj6",
    "xj8": "xj8",
    "xjr": "xjr",
    "xk": "xk",
    "xk8 convertible": "xk8 convertible",
    "xkr": "xkr",
    "xkr convertible": "xkr convertible",
    "cherokee": "cherokee",
    "commander": "commander",
    "compass": "compass",
    "grand cherokee": "grand cherokee",
    "patriot": "patriot",
    "renegade": "renegade",
    "wrangler": "wrangler",
    "almera": "almera",
    "almera tino": "almera tino",
    "cabstar e - t": "cabstar e - t",
    "cabstar tl2 valnik": "cabstar tl2 valnik",
    "e-nv200": "e-nv200",
    "gt-r": "gt-r",
    "insterstar": "insterstar",
    "juke": "juke",
    "king cab": "king cab",
    "leaf": "leaf",
    "maxima": "maxima",
    "maxima qx": "maxima qx",
    "micra": "micra",
    "murano": "murano",
    "navara": "navara",
    "note": "note",
    "np300 pickup": "np300 pickup",
    "nv200": "nv200",
    "nv400": "nv400",
    "pathfinder": "pathfinder",
    "patrol": "patrol",
    "patrol gr": "patrol gr",
    "pickup": "pickup",
    "pixo": "pixo",
    "primastar": "primastar",
    "primastar combi": "primastar combi",
    "primera": "primera",
    "primera combi": "primera combi",
    "pulsar": "pulsar",
    "qashqai": "qashqai",
    "serena": "serena",
    "sunny": "sunny",
    "terrano": "terrano",
    "tiida": "tiida",
    "trade": "trade",
    "vanette cargo": "vanette cargo",
    "x-trail": "x-trail",
    "c30": "c30",
    "c70": "c70",
    "c70 cabrio": "c70 cabrio",
    "c70 coupé": "c70 coupé",
    "s40": "s40",
    "s60": "s60",
    "s70": "s70",
    "s80": "s80",
    "s90": "s90",
    "v40": "v40",
    "v50": "v50",
    "v60": "v60",
    "v70": "v70",
    "v90": "v90",
    "xc60": "xc60",
    "xc70": "xc70",
    "xc90": "xc90",
    "espero": "espero",
    "lanos": "lanos",
    "leganza": "leganza",
    "lublin": "lublin",
    "nexia": "nexia",
    "nubira kombi": "nubira kombi",
    "racer": "racer",
    "tico": "tico",
    "barchetta": "barchetta",
    "brava": "brava",
    "cinquecento": "cinquecento",
    "croma": "croma",
    "doblo": "doblo",
    "doblo cargo": "doblo cargo",
    "doblo cargo combi": "doblo cargo combi",
    "ducato": "ducato",
    "ducato van": "ducato van",
    "ducato kombi": "ducato kombi",
    "ducato podvozok": "ducato podvozok",
    "florino": "florino",
    "florino combi": "florino combi",
    "freemont": "freemont",
    "grande punto": "grande punto",
    "idea": "idea",
    "linea": "linea",
    "marea": "marea",
    "marea weekend": "marea weekend",
    "multipla": "multipla",
    "palio weekend": "palio weekend",
    "panda": "panda",
    "panda van": "panda van",
    "punto": "punto",
    "punto cabriolet": "punto cabriolet",
    "punto evo": "punto evo",
    "punto van": "punto van",
    "qubo": "qubo",
    "scudo": "scudo",
    "scudo van": "scudo van",
    "scudo kombi": "scudo kombi",
    "sedici": "sedici",
    "seicento": "seicento",
    "stilo": "stilo",
    "stilo multiwagon": "stilo multiwagon",
    "strada": "strada",
    "talento": "talento",
    "tipo": "tipo",
    "ulysse": "ulysse",
    "uno": "uno",
    "x1/9": "x1/9",
    "cooper": "cooper",
    "cooper cabrio": "cooper cabrio",
    "cooper clubman": "cooper clubman",
    "cooper d": "cooper d",
    "cooper d clubman": "cooper d clubman",
    "cooper s": "cooper s",
    "cooper s cabrio": "cooper s cabrio",
    "cooper s clubman": "cooper s clubman",
    "countryman": "countryman",
    "mini one": "mini one",
    "one d": "one d",
    "cabrio": "cabrio",
    "city-coupé": "city-coupé",
    "compact pulse": "compact pulse",
    "forfour": "forfour",
    "fortwo cabrio": "fortwo cabrio",
    "fortwo coupé": "fortwo coupé",
    "roadster": "roadster"
}